{"meta": {"version": "5.0.3", "timestamp": "2020-04-19T04:37:09.206518", "branch_coverage": false, "show_contexts": false}, "files": {"app.py": {"executed_lines": [1, 2, 3, 4, 5, 6, 7, 8, 9, 10, 11, 12, 14, 16, 29, 31, 32, 33, 34, 39, 40, 43, 44, 46, 47, 49, 55, 56, 58, 59, 64, 65, 67, 68, 70, 71, 76, 77, 83, 84, 89, 90, 96, 97, 102, 103, 108, 109, 115, 116, 122, 139, 147, 158], "summary": {"covered_lines": 54, "num_statements": 108, "percent_covered": 50.0, "missing_lines": 54, "excluded_lines": 0}, "missing_lines": [17, 21, 22, 36, 37, 41, 50, 51, 52, 54, 61, 62, 73, 74, 79, 80, 81, 86, 87, 92, 93, 94, 99, 100, 105, 106, 111, 112, 113, 118, 119, 120, 124, 125, 126, 127, 128, 131, 132, 133, 136, 137, 141, 142, 143, 145, 148, 149, 150, 151, 152, 153, 154, 159], "excluded_lines": []}, "db/__init__.py": {"executed_lines": [1], "summary": {"covered_lines": 0, "num_statements": 0, "percent_covered": 100.0, "missing_lines": 0, "excluded_lines": 0}, "missing_lines": [], "excluded_lines": []}, "db/dbclient.py": {"executed_lines": [1, 2, 3, 4, 5, 7, 9, 10, 12, 16, 20, 24, 28, 32, 36, 40, 45, 49, 53, 57, 62, 72, 94, 116], "summary": {"covered_lines": 24, "num_statements": 87, "percent_covered": 27.586206896551722, "missing_lines": 63, "excluded_lines": 0}, "missing_lines": [13, 14, 17, 18, 21, 22, 25, 26, 29, 30, 33, 34, 37, 38, 41, 42, 43, 46, 47, 50, 51, 54, 55, 58, 59, 63, 64, 65, 66, 67, 68, 70, 73, 74, 75, 76, 78, 79, 80, 82, 83, 84, 86, 87, 90, 91, 92, 95, 96, 97, 98, 99, 101, 103, 104, 105, 106, 109, 110, 111, 112, 117, 119], "excluded_lines": []}, "db/find_leads.py": {"executed_lines": [1, 2, 3, 4, 5, 6, 7, 8, 9, 10, 11, 13, 16, 18, 19, 20, 21, 22, 23, 27, 30, 60, 90, 111, 128, 143, 223, 250], "summary": {"covered_lines": 28, "num_statements": 168, "percent_covered": 16.666666666666668, "missing_lines": 140, "excluded_lines": 0}, "missing_lines": [14, 15, 28, 32, 45, 46, 48, 49, 50, 55, 58, 62, 75, 76, 78, 79, 80, 85, 88, 91, 99, 100, 101, 102, 103, 104, 105, 106, 109, 116, 119, 120, 123, 124, 126, 129, 130, 131, 132, 133, 134, 135, 136, 138, 139, 140, 141, 144, 146, 147, 148, 149, 150, 151, 152, 153, 155, 156, 157, 158, 160, 161, 163, 164, 165, 166, 167, 168, 169, 170, 171, 172, 173, 174, 175, 176, 177, 178, 179, 180, 181, 182, 183, 185, 187, 188, 189, 190, 191, 192, 193, 194, 195, 197, 198, 199, 200, 201, 202, 204, 205, 207, 208, 209, 210, 213, 214, 215, 216, 217, 218, 219, 220, 221, 224, 225, 226, 227, 228, 229, 230, 231, 232, 233, 234, 235, 236, 237, 238, 239, 240, 241, 243, 244, 245, 246, 247, 252, 253, 254], "excluded_lines": []}, "tests/__init__.py": {"executed_lines": [1], "summary": {"covered_lines": 0, "num_statements": 0, "percent_covered": 100.0, "missing_lines": 0, "excluded_lines": 0}, "missing_lines": [], "excluded_lines": []}, "tests/test.py": {"executed_lines": [1, 3, 4, 6, 7, 8, 9, 10, 12, 13, 14, 16, 18, 80, 87, 88, 89, 90, 91, 94, 95, 97, 99, 101, 109], "summary": {"covered_lines": 25, "num_statements": 26, "percent_covered": 96.15384615384616, "missing_lines": 1, "excluded_lines": 0}, "missing_lines": [110], "excluded_lines": []}}, "totals": {"covered_lines": 131, "num_statements": 389, "percent_covered": 33.67609254498715, "missing_lines": 258, "excluded_lines": 0}}