{
  "builtin_entity_scope": [],
  "config": {
    "unit_name": "tfidf_vectorizer",
    "use_stemming": false,
    "word_clusters_name": null
  },
  "language_code": "en",
  "vectorizer": {
    "idf_diag": [
      4.850147601710058,
      3.2407096892759584,
      4.562465529258278,
      4.850147601710058,
      3.8693183486983322,
      3.5508646175797978,
      3.5508646175797978,
      4.850147601710058,
      4.850147601710058,
      2.514772685893022,
      4.562465529258278,
      3.751535313041949,
      3.2407096892759584,
      4.157000421150114,
      4.562465529258278,
      4.850147601710058,
      2.2351878236738605,
      4.850147601710058,
      4.850147601710058,
      4.562465529258278,
      4.850147601710058,
      4.850147601710058,
      3.5508646175797978,
      2.4522523289116878,
      3.751535313041949,
      4.002849741322855,
      2.904237452654745,
      3.6461747973841225,
      4.002849741322855
    ],
    "vocab": {
      "acclaimed": 0,
      "and": 1,
      "artist": 2,
      "artists": 3,
      "be": 4,
      "can": 5,
      "cant": 6,
      "club": 7,
      "come": 8,
      "for": 9,
      "get": 10,
      "here": 11,
      "i": 12,
      "live": 13,
      "lots": 14,
      "make": 15,
      "music": 16,
      "play": 17,
      "played": 18,
      "playing": 19,
      "ready": 20,
      "sure": 21,
      "t": 22,
      "the": 23,
      "there": 24,
      "tunes": 25,
      "wait": 26,
      "will": 27,
      "with": 28
    }
  }
}